Id,Text,Sentiment,Created
4818,"Kudos to the developer for this nice codesnippet. ",3,2019-12-23 11:36:25.460
4817,This is not DevExpress Quality and very disappointing.,1,2019-12-12 19:22:36.400
4816,Which is very frustrating to say the least.,1,2019-12-12 19:21:57.110
4815,"The support is good and the knowledge base, examples and API documentation provide alot of info to be able to implement the components.",3,2019-12-12 19:18:49.070
4814," maintenance: complexity and behavior changes between versions have given us already a few painful moments trying to understand why suddenly, after an upgrade, something doesn't work any more.",1,2019-12-12 19:17:50.603
4813,So many properties for each component make the usage of the toolbox a nightmare.,1,2019-12-12 19:17:34.407
4812,"your support is fantastic: the best I ever saw in the IT industry, fast and accurate.",4,2019-12-12 19:17:20.903
4811,too hard to customize,1,2019-12-12 19:17:07.360
4810,It takes too much time to scroll through looking for information while in the development process.,1,2019-12-12 19:16:55.493
4809,"We've been caught multiple times with a working app that we could not upgrade to a more current version of DevExpress controls due to deprecation of features or technology, in many cases for no apparent good reason. ",1,2019-12-12 19:16:30.047
4808,I really do but ye gads the documentation is horrible.,1,2019-12-12 19:12:07.997
4807,I don't feel like an appreciated customer.,1,2019-12-12 19:11:48.570
4806,"In the beginning DevEpress had great support fe I asked something got an answer in a few hours, now I ask something then a day later I get no answer but a question, then a some kind of answer after a few days in this answer a question how I did a search. ",1,2019-12-12 19:11:11.213
4805,Cxgrid is too much and too complex.,1,2019-12-12 19:10:48.883
4804,It costs a lot of precious time to get a problem solved.,1,2019-12-12 19:10:38.270
4803,"What makes DevExpress' online support a mess is the fact that you have to dig through a bunch of tickets that are most likely being outdated. ",1,2019-12-12 19:10:27.533
4802,Thank you for being awesome!,4,2019-12-12 19:09:17.803
4801,Very good online service,3,2019-12-12 19:09:05.547
4800,Its a mess,1,2019-12-12 19:08:18.130
4799,"Devexpress has become very complicated. ",1,2019-12-12 19:07:59.853
4798,Bad technical support,1,2019-12-12 19:06:59.760
4797," This issue is running me crazy for two weeks now. ",1,2019-12-12 19:06:24.043
4796,"too buggy, too frequent updates, in many cases ridiculously complex for everydays tasks",1,2019-12-12 19:05:52.203
4795,The best Choice to legally use for building database connection on high level.,4,2019-12-12 19:04:18.643
4794,it's the best,3,2019-12-12 19:03:58.127
4793,Good customer service feedback.,3,2019-12-12 19:03:47.873
4792,Extreamly good,3,2019-12-12 19:03:37.647
4791,"Professional Product, Professional Support and Professional output.",3,2019-12-12 19:03:22.980
4790,"The product is always top class, and the support is second to none.",4,2019-12-12 19:01:12.773
4789,"	
I find Devexpress Great!",3,2019-12-12 19:00:21.480
4788,Keep doing the best thing for programmers.,3,2019-12-12 18:59:42.987
4787,You are Awesome!!!,4,2019-12-12 18:59:26.437
4786,Awesome!!,3,2019-12-12 18:59:11.723
4785,I wanna make a renew in future due excellent support.,3,2019-12-12 18:59:00.617
4784,"Amazing tools with amazing support. ",4,2019-12-12 18:58:44.223
4783,Devxpress is always doing great...,3,2019-12-12 18:55:23.673
4782,Your components are really fantastic and fundamental for developers.,4,2019-12-12 18:55:06.957
4781,The Best plugin to Visual Studio.,4,2019-12-12 18:54:51.703
4780,"I have loved Dev Express since I first used it in 2012. ",3,2019-12-12 18:53:57.870
4779,Very Happy Customer,3,2019-12-12 18:53:02.930
4778,"The XAF framework is VERY powerful and is extendable! ",3,2019-12-12 18:52:50.547
4777,I love DevExpress!,3,2019-12-12 18:52:15.093
4776,All is perfect!,3,2019-12-12 18:51:16.203
4775,"Great products and support. ",3,2019-12-12 18:51:02.937
4774,"I LOVE the controls. ",3,2019-12-12 18:49:30.210
4773,"Good and informative news through newsletters and emails, keep it up!",3,2019-12-12 18:48:57.483
4772,The documentation is really bad for someone that know nothings about DevExpress.,1,2019-12-12 18:45:20.123
4771,High quality must have components.,3,2019-12-11 18:58:40.133
4770,excellent ASP.NET componenets.,4,2019-12-11 18:58:21.253
4769,"You're just the best of the best, my friends!",4,2019-12-11 18:58:11.877
4768,I Always suggest to my clients to use DevExpress Controls!,3,2019-12-11 18:57:38.133
4767,"I've been worked with DevExpress Controls for almost 10 years and I'm a big fan of them! ",3,2019-12-11 18:57:30.780
4766,"Great Tools!

",3,2019-12-11 18:57:20.903
4765,Continue your work as you did over the last 20 years.,3,2019-12-11 18:57:03.780
4764,Very useful software.,3,2019-12-11 18:56:53.027
4763,You guys are freaking awesome,4,2019-12-11 18:56:39.790
4762,I like how fast fixes come out.,3,2019-12-11 18:56:30.317
4761,"Really great customer service, helped with everything I needed",3,2019-12-11 18:56:15.110
4760,My web developer appears to be very happy with DevExpress,3,2019-12-11 18:55:31.610
4759,Great components to work with and really like you still support WinForms controls as they are what I use mostly for my personal stuff.,3,2019-12-11 18:55:21.780
4758,DevExpress has never failed to deliver amazing technical support.,4,2019-12-11 18:55:01.237
4757,"hands down best controls, I had to eval all suites in 2008, no comparison to other suites, devx blew them all away. ",4,2019-12-11 18:54:40.587
4756,"And what is most important to me , I achieve what I plan - no strange effects , predicive behavior in my projects.",3,2019-12-11 18:54:18.043
4755,"It doubles my working speed.
",3,2019-12-11 18:54:08.583
4754,"Great documentation.
",3,2019-12-11 18:54:00.920
4753,"Great support.
",3,2019-12-11 18:53:53.923
4752,"Great product.
",3,2019-12-11 18:53:45.843
4751,i`m a long term fan of DevExpress and spreading the word ...,3,2019-12-11 18:53:12.257
4750,"Excellent product and great support! ",4,2019-12-11 18:52:59.127
4749,Best products I have used for a decade,4,2019-12-11 18:52:48.097
4748,"Excellent product ",3,2019-12-11 18:52:40.080
4747,DevExpress has saved me more time that I could ever have imagined.,3,2019-12-11 18:52:20.310
4746,This a awesome software!!,4,2019-12-11 18:52:03.597
4745,You have great products!,3,2019-12-11 18:51:25.837
4744,Thanks for creating such masterpieces.,3,2019-12-11 18:51:16.347
4743,"Highly recommended. ",3,2019-12-11 18:51:10.533
4742,"DevExpress is no doubt one of the Top 3 finest companies I ever had the pleasure to work with. ",3,2019-12-11 18:51:02.100
4741,"Excellent components, fast and reliable support desk, everything is just right. ",3,2019-12-11 18:50:52.003
4740,"Exceptional high quality, in every way. ",3,2019-12-11 18:50:43.837
4739,Thank you for great software!,3,2019-12-11 18:49:58.963
4738,"Super useful assistance.  ",3,2019-12-11 18:49:46.823
4737,Absolutely wonderful!,4,2019-12-11 18:49:22.423
4736,"powerful, effective and very useful tools, constantly updated, the value for money is more than positive, thanks",3,2019-12-11 18:49:13.740
4735,"So far so good, very impressed with what I have used so far , thanks for the support and customer service.",4,2019-12-11 18:48:00.693
4734,simply the best,4,2019-12-11 18:47:19.193
4733,Great components and helpful support!,3,2019-12-11 18:47:06.063
4732," They provide not only top-notch quality software solutions but top-notch support as well. ",3,2019-12-11 18:43:07.553
4731,"DevExpress is one of those companies you want to do business with. ",3,2019-12-11 18:43:03.597
4730,Keep up the good work and deliver robust software,3,2019-12-11 18:42:37.907
4729,"I am very pleased. ",3,2019-12-11 18:42:26.407
4728,Excellent Products!!!,4,2019-12-11 18:42:09.327
4727,"simply the best, I love your components !",4,2019-12-11 18:41:53.877
4726,Kudo's to your great team and great support - despite my many often silly questions!,3,2019-12-11 18:41:42.790
4725,"The days and weeks that I saved using your tools more then offsets the cost and allows me to create projects in days or weeks instead of months.  ",3,2019-12-11 18:41:36.773
4724,"Having worked with many toolsets, I believe yours is the most intuitive and useful I have come across.",3,2019-12-11 18:41:15.207
4723,It helps me so much while developing,3,2019-12-11 18:40:34.370
4722,"I'm really satisfied with your product. ",3,2019-12-11 18:40:25.127
4721,"It is also hard to find answers in tickets raised by people because many of them are already outdated. ",1,2019-12-11 18:39:47.290
4720,"Some controls are hard to use (e.g. xtra reports) and the documentation online is too limited. ",1,2019-12-11 18:39:34.563
4719,"If DevExpress don't change, his end is near.",0,2019-12-11 18:39:09.423
4718,Your controls are obsolete and the support team don't give you the solution.,1,2019-12-11 18:38:58.457
4717,"not fond of your components ",1,2019-12-11 18:38:38.257
4716,"But recent versions have substantially slowed down specifically grid based items.    ",1,2019-12-11 18:38:08.290
4715,"Getting too heavy and slow.  ",1,2019-12-11 18:37:56.830
4714,"I'm sorry (I respect your hard work), but I don't like it.",1,2019-12-11 18:37:43.747
4713,Writing application with DevExpress is jump back in nineties.,1,2019-12-11 18:37:30.973
4712,Not better of many free/open source libraries for more modern framework like Angular or React.,1,2019-12-11 18:37:21.137
4711,"Given the cost, it is not customizable as desirable. ",1,2019-12-11 18:37:04.517
4710,Writing application with DevExpress is jump back in nineties.,1,2019-12-11 18:36:50.513
4709,Non existent customer support.,1,2019-12-11 18:36:05.003
4708,"Slows my computer, slows down my applications.",1,2019-12-11 18:35:33.833
4707,"Feel free to contact me as we have not given up on your product, but we are certainly disappointed with the learning curve. ",1,2019-12-11 18:35:13.210
4706,"My challenge on your HTML5 / JS / React library is that you don't have COMPLETE examples and your support is minimized to ""Take a look at this demo"" which has failed us.",1,2019-12-11 18:34:53.747
4705,"I feel disturbed, whether through email or advertisements",1,2019-12-11 18:34:31.870
4704,Waste product,1,2019-12-11 18:34:14.713
4703,Keep up the good work and especially the good documentation.,3,2019-12-11 18:33:32.137
4702,Excellent team.,4,2019-12-11 18:33:16.637
4701,"Excellent support.
",4,2019-12-11 18:33:12.607
4700,"	
Excellent products.
",4,2019-12-11 18:33:05.837
4699,Great products and great support service,4,2019-12-11 18:32:51.777
4698,"	
You are the best, yes the best!",4,2019-12-11 18:32:39.793
4697,"DevExpress = Quality. ",3,2019-12-11 18:32:25.123
4696,"I think your support is amazing, very happy with your products. ",3,2019-12-11 18:32:16.193
4694,"The support that I have received from your team has been amazing. ",4,2019-12-11 18:31:35.293
4693,"I look forward to your future enhancements, including async updates for the dashboard on WinForms.",3,2019-12-11 18:31:21.860
4692,"You have literally made my business possible! ",3,2019-12-11 18:31:09.093
4691,"I have had nothing but a superlative experience with you folks, and I couldn't be happier with your product and support.",4,2019-12-11 18:29:57.913
4690,"	
Thank you for a great product and customer service.",3,2019-12-11 18:29:45.803
4689,Thank you for making a good product.,3,2019-12-11 18:29:37.450
4688,"An effective, easy to maintain product with good support from support team. ",3,2019-12-11 18:29:26.607
4687,"	
Great fast helpful support as always.",3,2019-12-11 18:29:16.187
4686,it is a great help and very powerful,3,2019-12-11 18:29:07.340
4685,I think you have a solid product and a very good support in place keep it going.,3,2019-12-11 18:28:54.640
4684,I am extremely happy that you have a product like XAF framework.,3,2019-12-11 18:28:43.330
4683,I always recommend your line of products to any firm where I am going.,3,2019-12-11 18:28:32.330
4682,Keep up the great work and webinars!,3,2019-12-11 18:28:16.190
4681,"The support I received is fantastic, but the complex of the product is overwhelming, probably just me",3,2019-12-11 18:28:08.493
4680,The best range of components available.,3,2019-12-11 18:27:48.483
4679," Only one suggestion, its vey hard to learn  your controls thoroughly, basic usage of the controls are easy, but to deliver special requirements its really hard to find proper properties/events/ways. ",1,2019-12-11 18:27:35.427
4678,You are doing a fantastitic work,4,2019-12-11 18:26:52.680
4677,"	
allmost perfect, very powerfull.",3,2019-12-11 18:26:31.077
4676,"You have some of the best components for Delphi, used throughout our applications, e.g. AlignMix with 5000+ users https://www.alignmix.com",3,2019-12-11 18:26:15.107
4675,Keep up the good work!,3,2019-12-11 18:26:10.330
4674,"I love all your products, I have not updated to new versions because the situation in Venezuela is extremely complicated at the moment, but surely I will do it later.",3,2019-12-11 18:25:54.483
4673,Thank you very much for your excellent program.,3,2019-12-11 18:25:32.323
4672,Great components and award winning support,4,2019-12-11 18:25:23.317
4671,Keep on making a great product even better.,3,2019-12-11 18:25:13.890
4670,"Clean code
",3,2019-12-11 18:24:58.833
4669,You did great job !!!,4,2019-12-11 18:24:49.723
4668,Best controls in .NET,3,2019-12-11 18:24:36.403
4667,"Keep up the great work! ",3,2019-12-11 18:24:16.817
4666,"Two items that have really shined in my opinion is the attention to continuous releases (improving the product) and the great customer support interactions that I have had with the DevExpress team.  ",3,2019-12-11 18:24:12.613
4665,Have really enjoyed using DevExpress as part of our development platform.,3,2019-12-11 18:23:59.250
4664,The best components in the world!!!!,4,2019-12-11 18:23:43.273
4663,Renew price is almost like purchase price,1,2019-12-11 18:23:32.823
4662,"Because I was asking how to use your component within my software rather that a question about the component itself, I was told to look elsewhere.",1,2019-12-11 18:21:47.930
4661,"this tool is slow and very complexly  ",1,2019-12-11 18:21:36.780
4660,GridView controls have significant performance issues,1,2019-12-11 18:21:22.217
4659,"Just difficult to follow documentation, video tutorials are old and support tickets seems to be lacking. ",1,2019-12-11 18:21:09.767
4658,"Hello Stason, thank you for having taken a look. ",3,2019-12-11 18:20:02.197
4657,Its too much of my time wastage would you please clarify when it will going to be fixed?,1,2019-12-11 18:19:37.620
4656,"Its been long time more than of 6 months has been gone and I'm waiting for this bug to resolve but it seems even with launching of DevExpress version 19.2 my problem is still pending. ",1,2019-12-11 18:19:26.520
4655,you didn't resolved my issue its been long time still waiting waiting waiting…,1,2019-12-11 18:19:11.270
4654,"Yes, we love your reporting suite so much we dual boot to keep it…",3,2019-12-10 19:14:30.933
4653,I love your support from long ago that's why always try how to improve utilization of your nice controls with different way's.,3,2019-12-10 19:14:03.173
4652,Your words really hurt me,1,2019-12-10 19:13:23.823
4651,"Honestly, this answer is so kludgy that I'd rather put a Image tag after the SpinEdit control and handle the MouseDown event on it to insert null into the SpinEdit control.",1,2019-12-10 19:12:57.050
4650," If I wanted to write my own controls, I wouldn't pay for DevExpress.",1,2019-12-10 19:12:23.363
4649,"Gotta say, I'm none too pleased with this answer. ",1,2019-12-10 19:12:19.707
4648,I'm kind of shocked that you don't offer protection features in this tool.,1,2019-12-10 19:11:39.080
4647,Much appreciated.,3,2019-12-10 19:11:27.767
4646,Thank you for the detailed analysis.,3,2019-12-10 19:11:12.570
4645," I'm kind of unhappy now",1,2019-12-10 19:10:49.153
4644,Not happy.,1,2019-12-10 19:09:46.733
4643,"Instead, its like I have to play a guessing game to iterate to an answer.

",1,2019-12-10 19:09:42.230
4642,"No post seems to just give the answer. ",1,2019-12-10 19:09:34.783
4641,"With respect, its been 6 days since I originally posted this ticket. ",1,2019-12-10 19:09:24.440
4640,"Having to fight to install it makes me extremely leery of it.   ",1,2019-12-10 19:08:04.883
4639,@Stas when you know my code is wrong then why do not paste right code which i can use in my application.,1,2019-12-10 19:07:23.850
4638,"But I don't understand why you only sent me the video and not the snippet code you created to illustrates  the logic, to save a lot time for both",1,2019-12-10 19:07:02.290
4637,"I waited several months for the fix to be released, and today an update has been released, but the problem has not been fixed!",1,2019-12-10 19:05:03.507
4636,None of your replys answered my problem.,1,2019-12-10 19:04:38.513
4635,And how come you mvc demo has so much crap in the back in the behind code.,1,2019-12-10 19:04:19.323
4634,But you demo has so much crap behind code undernearth that manages the window wish is not even talked about in you demo on line explanation.,1,2019-12-10 19:04:12.997
4633,Which means you mvc crap stinks.,1,2019-12-10 19:03:53.807
4632,THE FACT IS THE VIDEOS AND REFERENCE ON UPDATE ARE LIKE 10 YEARS OLD .,0,2019-12-10 19:02:15.433
4631,THE FACT IS THE UPDATE BROKE THE MVC PROJECT AND INTRODUCED MANY PROBLEM,0,2019-12-10 19:02:07.177
4630,Am I going to have to spend another 4 gd days figuring this out.,1,2019-12-10 19:01:45.257
4629,SO WHY DOES AN UPGRADE CAUSE THE FORMER SETTING TO GO TO FKNG HELL.,0,2019-12-10 19:01:32.760
4628,ever since the upgrading of deveexpress I been getting the can not find this page when running the mvc project.,1,2019-12-10 19:01:09.313
4627,If I get this problem solved I am not updating again,1,2019-12-10 19:00:56.937
4626,I have now lost three days because of this problem.,1,2019-12-10 19:00:44.647
4625,I believe you did not answer my question or did not understand it.,1,2019-12-10 19:00:03.610
4624,"thaks to this ""problem"" none of my grid is working fine leading to a down time in the production of all my client.",1,2019-12-10 18:59:37.523
4623,Please provide an honest response so that we can at least save a few man-weeks of efforts if you're not going to fix the crash.,1,2019-12-10 18:59:06.593
4622,"It's been in the ""Reproduced"" state for more than 2.5 years now.",1,2019-12-10 18:58:51.000
4621,"Is there a chance this bug will ever be fixed? ",1,2019-12-10 18:58:39.607
4620,Many bugs have occurred since the update from 18.2.6 to 19.2.3.,1,2019-12-10 18:58:19.563
4619,"I'm quite surprise that this issue was reported by other users 3 years ago but never seems to be in a fixed list. ",1,2019-12-10 18:57:15.037
4618,I am getting desperate to load the dashboards in the best way otherwise I will have to abandon the functionality as not working.,1,2019-12-10 18:55:48.733
4617,It is not acceptable for me and my customers who informed me that one of important functionality just … disappear…,1,2019-12-10 18:54:38.097
4616," I think we can call you a saviour and start a religion ... ",3,2019-12-10 18:54:20.930
4615,it is sadly disappointing given how evolved most of your components are.,1,2019-12-10 18:54:01.573
4614,"Great news, you are the Best.",4,2019-12-10 18:53:11.890
4613,"This is really fantastic news for us (and more importantly our users  :-))   ",4,2019-12-10 18:53:01.287
4612,"I have been using you since 2013, either through my Employer’s subscription in the early days, or my own, and want to continue using you in the future.",3,2019-12-10 18:49:19.597
4611,"I have enjoyed the product you guy’s have created. ",3,2019-12-10 18:49:07.230
4610,At no time did I see the article you have provided a shortcut too.,1,2019-12-10 18:48:34.707
4609,I spent 1 hour and twenty 20 mins searching and reviewing articles before drafting the support ticket and during that time I reviewed at least twenty articles both on DevExpress and outside your site.,1,2019-12-10 18:47:11.787
4608,this is a real piss poor effort from DevExpress!,0,2019-12-10 18:45:43.687
4607,Well i must say that this is extremely disappointing.,0,2019-12-10 18:45:24.327
4606,"Guys, you realize i'm working more for you to find and fix your bugs than working for my own clients?!",1,2019-12-10 18:43:43.423
4605,Noting is helpful after investing 2 days approx.,1,2019-12-10 18:41:39.183
4604,Thanks for your fast response.,3,2019-12-10 18:41:10.193
4603,"Awesome work, Thanks for the above example. ",3,2019-12-10 18:40:40.980
4602,In future please find a support to eradicate these type of fixes.,1,2019-12-10 18:39:25.887
4601,more disappointed.,1,2019-12-10 18:38:10.347
4600,"Hi Paul V, you mentioned solution is not even match 1% of asked question?",1,2019-12-10 18:37:37.503
4599,"Its always been like this with the support, you just throw back generic answers instead of actually helping..",1,2019-12-10 18:34:21.913
4598," isnt it so much easier to be a little bit more explicit that just blowing us off to a help file that we already have? ",1,2019-12-10 18:34:07.910
4597,"DevExpress teaching someone how to drive their car
'Yeah, just get in the passenger seat and errr, drive'",1,2019-12-10 18:33:26.170
4596,"-- Sigh -- More time wasted time having to a) find why something isn't working, b) creating an example that you can use, 3) write a support ticket that you can understand. ",1,2019-12-10 18:31:11.293
4595,"Your insight is perfect
Thanks!!!",3,2019-12-10 18:30:26.607
4594,Alex your a genuis.,4,2019-12-10 18:30:15.113
4593," I do like your products and will always promote them in a positive light. ",3,2019-12-10 18:28:00.717
4592,I do enjoy working with DevExpress and their support people are A+.,3,2019-12-10 18:27:05.217
4591,I actually love DevExpress.,3,2019-12-10 18:26:45.770
4590,Thank you all guys for your hard work and first-class support!,3,2019-12-10 18:25:57.187
4589,"Sometimes we had a troubles, but awesome support guys are always ready to solve the issue or find a workaround in a short time! ",3,2019-12-10 18:25:35.143
4588,"awesome solution, you're a live saver!",4,2019-12-10 18:24:54.330
4587,I wish to thank DevExpress and especially the support team for all of the help and support they have provided though the years.,3,2019-12-10 18:24:30.880
4586,I believe that the DevExpress products are the best!,4,2019-12-10 18:24:18.303
4585,I do appreciate and thank you for all of the help and support I have received over the years from the DevExpress Support Team.,3,2019-12-10 18:23:54.917
4584,"You could improve the quality of your answer by adding in some links to relevant articles and support tickets, instead of providing a bland and unhelpful comment, showing that you don't understand anything about this control.",1,2019-12-10 18:21:13.420
4583,Works exactly as hoped.,3,2019-12-10 18:20:31.607
4582,"Perfect. ",3,2019-12-10 18:20:19.983
4581,"Once again,  thank you very much Stason.",3,2019-12-10 18:17:51.777
4580,That’s indeed really helpful.,3,2019-12-10 18:17:40.377
4579,"Nice! ",3,2019-12-10 18:17:34.330
4578,My trust for your components has been broken.,0,2019-12-10 18:16:10.547
4577,There are many problems with your solution.,1,2019-12-10 18:15:22.957
4576,Your answer is not very helpful.,1,2019-12-10 18:14:43.487
4575,"  Thank you for the excellent support and rapid response.",3,2019-12-09 19:23:03.440
4574,"That works great! ",3,2019-12-09 19:22:55.583
4573,"   THANK YOU!!! ",4,2019-12-09 19:22:41.377
4572,THANKS… that was a simple solution and it solved my issue completely,3,2019-12-09 19:21:01.123
4571,Thanks for an excellent support.,3,2019-12-09 19:20:42.057
4570,"Its always been like this with the support, you just throw back generic answers instead of actually helping…",1,2019-12-09 19:20:03.563
4569,"T590924 seems like a possibility - but is insanely cumbersome! ",1,2019-12-09 19:17:43.753
4568,And it appears you are not able to achieve this either.,1,2019-12-09 19:17:35.547
4567," Just think if the shoe was on the other foot, how would you like to be treated?",1,2019-12-09 19:16:17.177
4566,"People, you need to start taking your jobs more seriously!",1,2019-12-09 19:15:59.903
4565,"I even created a completely separate web solution that did not use web parts or SharePoint to see if there were any configuration elements created by the product that were not mentioned in the guides -  TRULY unbelievable! ",1,2019-12-09 19:15:39.897
4564," I lamented even reaching out to support because I had a hunch that the support conversation would go just as it has, with questions about my situation that were not relevant to my issue and responses that were unhelpful.",1,2019-12-09 19:14:33.040
4563,"I have to be honest here, I am really disappointed in the support I have received thus far.  ",1,2019-12-09 19:14:10.437
4562,"What a great execution, I am truely impressed with the DevExpress team;",4,2019-12-09 19:13:43.117
4561,"I end up telling the same thing over and over
and getting no where with you people.",1,2019-12-09 19:12:53.960
4560,"Random support staff have no idea
of what is going on.",1,2019-12-09 19:12:44.267
4559,"No one reads, doesn't understand simple
questions and rarely replies back with an answer that works.",1,2019-12-09 19:12:09.363
4558,"I find that your support team is lacking understanding of the
questions or quick to route to website page that is usually not
relevant instead of actually yielding support.",1,2019-12-09 19:11:48.563
4557,"As I asked before and Alisher replied with a reference that did not
answer my question.",1,2019-12-09 19:11:20.680
4556,"This is not the answer I was looking for, hope I will get better answer in future, not impressed",1,2019-12-09 19:09:31.157
4555,You have not resolved my issue yet.,1,2019-12-09 19:07:35.197
4554," Honetsly am not happy.",1,2019-12-09 19:07:14.207
4553,Your solution works a treat,3,2019-12-09 19:06:18.643
4552,"And forcing me to do things this way is just a gateway to introducing other bugs. ",1,2019-12-09 19:04:58.267
4551,"But let's call a spade a spade… this is a DX bug. ",1,2019-12-09 19:04:32.580
4550," The first two options relating to EnableHierarchyRecreation or disabling the ViewState WILL NOT WORK if you are manipulating the Theme of the popup (as we do).",1,2019-12-09 19:04:21.387
4549," DX's advise above is NOT correct under all conditions.",1,2019-12-09 19:04:05.683
4548,"I think you have a few problems here … and you know, when your customers tell you this … perhaps you should listen.",1,2019-12-09 19:03:20.437
4547,Also I agree about you regurgitating answers without being specific in your responses,1,2019-12-09 19:02:56.463
4546,"About the support, you (the devextreme support) copy/paste all the time the same links but without real answer, it's the equivalent of ""read the documentation"" but no answer about the problematic.",1,2019-12-09 19:01:51.920
4545,"So I know my acknowledge is not enough it would be nice to have the two lines of code from support, but I think devexpress rather types ten lines to tell I can find it in the helpfiles",1,2019-12-09 18:59:38.017
4544,I'm supposed to evaluate your asp.net MVC extension before maybe buying 5 licences and I must say that I'm a little bit disappointed :-),1,2019-12-09 18:58:40.253
4543,Thank you so much for the offer!,3,2019-12-09 18:57:55.407
4542,"Thanks so much for all the detailed explanations! ",3,2019-12-09 18:57:36.507
4541,"Thanks Sergi,  I would have been lost without your help",4,2019-12-09 18:56:49.360
4540,"Thanks Sergi, works great.",3,2019-12-09 18:56:39.023
4539,That's exactly what I was looking for!,3,2019-12-09 18:56:25.327
4538,"I recommended your product to some of my colleagues and they have bought it.
although it is not a big volume, but I will help you as good as I can.",3,2019-12-09 18:54:41.207
4537,Devexpress support is always the best.,4,2019-12-09 18:54:18.183
4536,I don't know what to say. but thank you!,3,2019-12-09 18:54:10.667
4535,"It is great, good job!",3,2019-12-09 18:53:39.353
4534,"First of all, thank you for the opportunity to show my case to you.",3,2019-12-09 18:53:23.890
4533,Send my really thanks to the developer Team.,3,2019-12-09 18:52:56.560
4532," What a development, It is what I was waiting for",3,2019-12-09 18:52:46.703
4531,"Oh my god! ",4,2019-12-09 18:52:38.863
4530,"Dmitry had asked for my feedback regarding obstacles to learning your components, and I was providing said feedback, so I am disappointed that you are the one who decided to respond.",1,2019-12-09 18:51:39.600
4529," In 98% of the cases, the documentation isn't actually answering the question and has already been consulted.",1,2019-12-09 18:50:11.837
4528,"While I appreciate the support option, it is infuriatingly slow, and seems created to slow down resolution. ",1,2019-12-09 18:49:47.070
4527,"The problem is, your tutorials are of course not going to match exactly what I am trying to accomplish.",1,2019-12-09 18:49:28.950
4526," What you describe as ""Not Expected"" is to me just plain wrong and makes this new feature unusable.",1,2019-12-09 18:47:53.723
4525,"However I have to say that these issues are very obvious and should have been picked up in development never mind testing. ",1,2019-12-09 18:47:44.097
4524,I have to say I am disappointed in the implementation I have seen so far for this excellent new feature.,1,2019-12-09 18:45:42.147
4523,"First, thanks again for your effort and the example project.",3,2019-12-09 18:45:00.847
4522,DE (and especially you) ist the best company I know regarding support!,4,2019-12-09 18:44:52.000
4520,"John,   THANK YOU .  ",4,2019-12-09 18:40:33.433
4519,I have only been using the DevExpress controls for a few weeks now but it is scenarios like this that make me realize we definitely chose the right toolset!!!,4,2019-12-09 18:38:47.627
4518,"And all it took was to add <FilteringSettings ShowSearchUI=""true"" /> to my ASPxListBox and all the magic happened!!!",4,2019-12-09 18:38:34.773
4517,"With LITERALLY 1 Line of code I was able to not only get the filtering working, but this solution is FAR BETTER than the original design that was using the dropdown box to filter by category.",4,2019-12-09 18:38:13.240
4516,"This is fantastic! ",4,2019-12-09 18:37:52.113
4515,WOW!,4,2019-12-09 18:37:44.307
4514,"The tools are brilliant, but the reason we have stuck with DevExpress is for the support.",4,2019-12-09 18:36:35.557
4513,"I've said it many times before, but I'll say it again: DevExpress support is second to none, literally!",4,2019-12-09 18:36:15.637
4512,Perfect!,3,2019-12-09 18:35:48.777
4511,This is just what I was trying to achieve.,3,2019-12-09 18:35:39.223
4510,"Your help is really appreciated, you have saved me many, many hours or work.",4,2019-12-09 18:35:20.987
4509,You guys rock!,4,2019-12-09 18:35:09.453
4508,your example is totally different to my situation i think dont understand me and i think that i´ve expressed clearly  the problem.,1,2019-12-09 18:34:05.880
4507,ROFL you sure have a winning way of making customer not want to buy DevExpress,1,2019-12-09 18:33:09.580
4506,What the hell you mean confirmation of my license.,0,2019-12-09 18:32:24.767
4505,Works a treat.,3,2019-12-09 18:32:05.487
4504,It is a major blocking point and you leave your clients/customers floating around .,1,2019-12-09 18:31:23.113
4503,We still find it totally unacceptable that a commercial solution is not jet release to fix this issue.,1,2019-12-09 18:31:12.497
4502,What you are doing now in terms of hotfixes are really bad design.,1,2019-12-09 18:30:41.677
4501,I find your answer totally disturbing and not acceptable.,1,2019-12-09 18:29:35.690
4500,"Any chance to get an answer, problem is you really put us in a bad situation with your fatal bug with T735186.",0,2019-12-09 18:29:15.357
4499,"In this arrangement, I thought I was the customer, and, as such, it was MY productivity that should be the priority?",1,2019-12-09 18:27:55.573
4498,"I'm sorry to have to say this,  but your comment has really been bugging me.",1,2019-12-09 18:26:46.210
4497,Beginning to regret renewing my subscription now.,0,2019-12-09 18:26:17.730
4496,"I appreciate your role is to 'teach me how to fish' and not 'give me a fish', but I am still not seeing it.",1,2019-12-09 18:25:09.347
4495,"your solution is simple, beautiful - you are a huge help. THX",4,2019-12-09 18:18:24.647
4494,"your solution is wonderful, thx.",3,2019-12-09 18:17:56.913
4493,I'm afraid I'm still stuck despite your links.,1,2019-12-09 18:15:12.820
4492,"Thank you for the swift answer, which covers all my needs.",3,2019-12-09 18:14:02.663
3548,I apologize for my frustration.,3,2019-04-29 17:04:57.287
3547," It is shameful that the advice is to start from scratch as use templates... you know that the dependencies are too intricate, and the documentation does not do it justice.",0,2019-04-29 17:04:07.660
3546,"I am incredibly beside myself with rage, attempting to integrate your controls into a simple project.",0,2019-04-29 17:03:14.067
3545," Appreciated.
",3,2019-04-29 17:02:09.370
3544,Thank you so much for going an extra mile.,3,2019-04-29 17:01:58.220
3543," Why did I pay the money, b/c you do have an awesome product and I could never make something even close to your product and that is something to be very proud of.",3,2019-04-29 16:54:48.093
3542,Thanks for nothing,1,2019-04-29 16:53:19.160
3541,stupid answer,1,2019-04-29 16:53:11.517
3540," After wasting WEEKS on discovering the prob you are not interested…",0,2019-04-29 16:51:12.657
3539,"Also have you stopped to think how much time we have wasted with these kind of problems? ",1,2019-04-29 16:51:03.423
3538,PLEASE TAKE THIS SERIOUS AND FIX THE DAMN NEW SCHEDULE COMPONENT WHICH DOESN’T WORK WITH RE-OCUURING APPOINTMENTS ****URGENTLY****,0,2019-04-29 16:50:38.770
3537,"Very, Very infuriated and unhappy customer….",0,2019-04-29 16:50:18.533
3536," You constantly request detailed examples which sometimes isn’t possible, so you IGNORE.",0,2019-04-29 16:50:09.203
3535,There is very little to ZERO effort made to reproduce the errors and probs we submit.,0,2019-04-29 16:49:52.657
3534,"We commit to all your releases, we pay each and every year, we even fault find for you and the efforts made by your tech support team are woeful. ",0,2019-04-29 16:49:41.380
3533,It is becoming extremely frustrating dealing with the DevExpress team to the extent that it is now INFURIATING.,0,2019-04-29 16:49:26.283
3532,After 2 weeks of works i'm definitively downhearted by using ASPxGrid.,0,2019-04-29 16:48:17.743
3531,"ps: 6 years of waiting for a feature, it's not an acceptable time.",1,2019-04-29 16:47:40.363
3530,We will draw the obvious conclusion.,1,2019-04-29 16:47:20.233
3529,We will not wait five years as others.,1,2019-04-29 16:47:12.813
3528," this is a showstopper for me",1,2019-04-29 16:46:47.977
3527,Our cusotmers are angry.,1,2019-04-29 16:46:04.957
3526,Good work!!!,3,2019-04-29 16:45:58.577
3525,For myself I consider not to pay for a next update,1,2019-04-29 16:44:08.097
3524,For me this is the last question I asked here,1,2019-04-29 16:43:44.607
3523,You can close this topic cause you are not willing to help.,1,2019-04-29 16:43:24.747
3522,Very disapointing again.,0,2019-04-29 16:43:12.800
3521,In the beginning DevExpress had great support multiple answers on one day (now it takes days) they give a solution now I only get the same kind of help what other component sellers also give fe. (componentOne) great tools but the same support as I get at this moment,1,2019-04-29 16:42:57.467
3520,Telerik has support for it!,1,2019-04-29 16:41:34.977
3519,Nine years this feature was requested and after 9 years you say not in the nearest future.,1,2019-04-29 16:41:18.090
3518,"I've been working on the same problems for about a week, i'm sure the mistake on code was on my side, but  i would very much appreciate if the support was able to give more direct solutions to issues, one week without find solution to do something i can do with a normal html/js code is really frustrating.",1,2019-04-29 16:39:07.133
3517,Ton of thanks!,3,2019-04-29 16:36:54.390
3516,Thanks for your help on this matter and as always you guys are great.,3,2019-04-29 16:35:47.937
3515,And I really feel offended of this Statement!,0,2019-04-29 16:34:37.563
3514,"Really thank you and have a nice day.
",3,2019-04-29 16:33:29.973
3513,That's exactly what I needed.,3,2019-04-29 16:33:24.230
3512,"Has anybody checked the hotfix, that issue turns annoing...",1,2019-04-29 16:30:20.040
3511,"Thank you so much once again, especially for your patience with me.
",3,2019-04-29 16:29:45.977
3510,"Finally and most important, please forgive my snippy response in my previous message, I have no excuse for that sort of rubbish behavior on my end.",3,2019-04-29 16:29:36.360
3509,"Your diagnosis and solution were Spot On! ",3,2019-04-29 16:29:24.157
3508,"Your controls are great but i am not happy with the customer support. ",1,2019-04-29 16:25:07.207
3507," Thank you, this is a very good example",3,2019-04-29 16:23:22.043
3506,"Your article was not helpful. ",1,2019-04-29 16:22:56.860
3505,It is up to you what you want to do with this information.,1,2019-04-29 16:22:14.890
3504,"As I have stated before, we are not going to provide the production application for your analysis and we are not going to spend more time trying to replicate the exact behavior because we have already spent enough time on this, but I assure you that our production application works differently running DX 17.1.4. ",1,2019-04-29 16:22:00.827
3503,Hold thy horse captain obvious your evil deeds of confusion are week against the righteous.,1,2019-04-29 16:17:48.963
3502," If not, please have someone else deal with my suggestion! ",1,2019-04-29 16:14:08.300
3501,Perhaps you should read my posts again ?!?!?,1,2019-04-29 16:13:31.003
3500,what is the NOT CLEAR point man????,1,2019-04-29 16:10:34.633
3499,I think what I am saying is very clear!!,1,2019-04-29 16:10:25.297
3498,You shouldn't give us hope first and then kill it.,1,2019-04-29 16:07:53.987
3497," We are so disappointed for the bad news",1,2019-04-29 16:07:37.750
3496,"So bad news. ",1,2019-04-29 16:06:38.850
3495,"That looks awesome. ",1,2019-04-29 16:04:31.953
3494,"Sick of writing code to address common usage issues with your controls. ",1,2019-04-29 16:03:58.107
3493,"This really isn't a solution it is a workaround. ",1,2019-04-29 15:58:59.083
3492,The whole custom filtering is a workaround to the core problem that you as a company refuse to address OVER A FOUR YEAR PERIOD.,1,2019-04-29 15:58:45.810
2545," Perfect!",3,2019-04-24 13:41:14.393
2544,"Thanks a lot for the response, it was very helpful and solved my problem!",3,2019-04-24 13:39:43.317
2543,I'm impressed by the excellent help I get from you.,3,2019-04-24 13:39:10.630
2542,"THANK YOU VERY MUCH LENA, works perfectly, thank you soo much, you're my queen hahaha",4,2019-04-24 13:38:55.033
2541,"Keep up the great work! ",3,2019-04-24 13:38:43.580
2540," I'll suggest using DevExpress to my manager mainly because of superior products and support you guys have.",4,2019-04-24 13:38:35.793
2539,I really miss and appreciate the awesome support you have here (it's way above other 3rd party commercial vendors).,4,2019-04-24 13:38:07.280
2538,Though I'm having a real hard time with the new SchedulerControl for quite a lot of reasons... your customer support is awesome.,3,2019-04-24 13:36:23.347
2537,I am really impressed that you were able to take my work and use it.,3,2019-04-24 13:35:18.163
2536," You have been very kind and patient.",3,2019-04-24 13:27:33.267
2535," I knew you were the right guy.",3,2019-04-24 13:27:12.357
2534,You are GREAT !!!!,3,2019-04-24 13:26:59.927
2533,I´m very happy with DevExpress products and support.,3,2019-04-24 13:26:45.367
2532,DevExpress support rocks!,4,2019-04-24 13:26:10.243
2531," I appreciate your detailed explanation. ",3,2019-04-24 13:25:57.627
2530," Great Customer Service.",3,2019-04-24 13:25:49.513
2529," This was the perfect solution to what I needed. ",3,2019-04-24 13:25:39.503
2528,You were so helpful.,3,2019-04-24 13:25:26.823
2527,It is an incredible experience.,3,2019-04-24 13:25:16.610
2526,Thank you so much for guiding me during my journey by exploring the ASPxRichEdit control.,3,2019-04-24 13:25:10.120
2525,Thanks a ton!,4,2019-04-24 13:24:26.057
2524,Thats brilliant!,4,2019-04-24 13:24:17.880
2523,Awesome!,3,2019-04-24 13:24:09.367
2522,thank you thank you thank you.. obviously I'm new at this - still getting used to the constructs :),3,2019-04-24 13:23:59.153
2521,"With the solution you suggest, it's really simple and logical.",3,2019-04-24 13:23:48.003
2520,I've been very please with the quality of the support DevExpress provides. ,3,2019-04-24 13:23:35.087
2519,Works like a champ!,4,2019-04-24 13:23:17.230
2518,Nice work!,3,2019-04-24 13:22:41.997
2517,"Thank you Nataly,  the solution was clean, straightforward and informative.",3,2019-04-24 13:22:25.127
2516,Thank you all for the continuous support. ,3,2019-04-24 13:22:12.950
2515,"Oh, I feel like idiot, the documentation has all the information.",3,2019-04-24 13:21:59.640
2514,Thank you for your response and example they were both extremely helpful!,3,2019-04-24 13:21:40.093
2513,"Thanks, that solves my problem, awesome!",3,2019-04-24 13:21:28.560
2512,Please stop to ignore your bugs ...its so annoying...,1,2019-04-24 13:21:17.700
2511,Knowledge of the products is second to none.,3,2019-04-24 13:21:01.753
2510,Unfortunately there is no attempt from your end to help me out with a simple solution in my last email,1,2019-04-24 13:20:47.843
2509,Thanks for the great job!,3,2019-04-24 13:18:56.553
2508,thank you thank you!,3,2019-04-24 13:18:47.127
2507,You guys are the best support I've ever seen!,4,2019-04-24 13:18:35.907
2506,Your prompt response has helped me meet a tight deadline.,3,2019-04-24 13:17:58.957
2505,tyvm!,3,2019-04-24 13:17:37.283
2504,This is just another example why I consider DevExpress the best company I ever dealt with.,4,2019-04-24 13:16:59.170
2503,thanks Romeo you are perfect,3,2019-04-24 13:11:07.297
2502,Thank you very much for your help.,3,2019-04-24 13:09:04.137
2501,"Your service is something special - fast, clear and happily.",3,2019-04-24 13:01:52.833
2500," I can't thank you enough for the help so far as this is all still quite new to me, it is very VERY much appreciated!",3,2019-04-24 12:59:24.973
2499,you have eyes like a hawk - thank you very much.,4,2019-04-24 12:58:46.210
2498,thanks a lot for your fantastic support so far!!,4,2019-04-24 12:58:36.267
2497,Hi wizards.,3,2019-04-24 12:58:25.017
2496,Thanks for the help and the excellent support you guys provide.,3,2019-04-24 12:55:44.230
2495,"Thanks for your help, it works perfectly!",3,2019-04-24 12:54:14.800
2494,A smart and short solution.,3,2019-04-24 12:53:15.167
2493,You're forcing me to go to your superiors.,1,2019-04-24 12:51:44.583
2492,I will not bother you again with my messages.,1,2019-04-24 12:51:01.533
1402,Thank you very much for your great support!,3,2019-01-30 00:00:00.000
1403,that was exactly what I was looking for.,3,2019-01-30 00:00:00.000
1404,You helped me a lot.,3,2019-01-30 00:00:00.000
1405,"Perfect, thank you so much for the fast solution.",3,2019-01-30 00:00:00.000
1406,Thanks for the brilliant support we received from DevExpress for resolving this issue.,4,2019-01-30 00:00:00.000
1407,As usual you rock!!,4,2019-01-30 00:00:00.000
1408,"You've been a huge help, as have everyone on your team.",4,2019-01-30 00:00:00.000
1409,"You guys provide excellent support, and I really appreciate the help!",4,2019-01-30 00:00:00.000
1410,"You've been a huge help, as have everyone on your team.",4,2019-01-30 00:00:00.000
1411,You did a perfect job I appreciate so much what you did.,4,2019-01-30 00:00:00.000
1412,You have been very professional every time.,3,2019-01-30 00:00:00.000
1413,Thank you very much for your excellent support and help!,4,2019-01-30 00:00:00.000
1414,People like you is what makes DevExpress a great company!,4,2019-01-30 00:00:00.000
1415,"Again, this is extremely helpful and it worked perfectly!",4,2019-01-30 00:00:00.000
1416,"I am sorry that I can only express my gratitude to your support with just thank you; if you're ever in Toronto, I hope you will let me by you a beer!",4,2019-01-30 00:00:00.000
1417,Thank you so much - now I see what you mean:-),3,2019-01-30 00:00:00.000
1418,"You know, sometimes I don't get the exact answers I'm hoping for concerning feature set, etc... But I have never seen any other vendor come through like you people do, when it comes to providing thoughtful and innovative, professional and courteous help to solving sometimes really tough problems, in effective, efficient ways, in record time.",4,2019-01-30 00:00:00.000
1419,THANK YOU!,4,2019-01-30 00:00:00.000
1420,THANK YOU SO MUCH!,4,2019-01-30 00:00:00.000
1421,"As always your help was invaluable, informative, and arrives in a timely fashion.",3,2019-01-30 00:00:00.000
1422,I would like express my gratitude for the excellent support I have received from you all at Devexpress over the years.,4,2019-01-30 00:00:00.000
1423,"As great as the controls are, it's this high level of support that keeps me renewing my subscription year after year.",4,2019-01-30 00:00:00.000
1424,"First off, you guys rock.",4,2019-01-30 00:00:00.000
1425,"Considering the issues WPF has (design and perf), you've made an impressive components suite by any measure.",3,2019-01-30 00:00:00.000
1426,"At any rate, you guys are doing great.",3,2019-01-30 00:00:00.000
1427,I appreciate your bug fixes and performance improvements MUCH more than feature additions but I'm always impressed by what you are coming up with.,4,2019-01-30 00:00:00.000
1428,Thank You for rapid answer and nice workaround.,3,2019-01-30 00:00:00.000
1429,"As a whole I must say, that I have used Your product for years and I have been -and I am- very very satisfied.",4,2019-01-30 00:00:00.000
1430,Great support as always from DevExpress!!!,4,2019-01-30 00:00:00.000
1431,That's perfect :),3,2019-01-30 00:00:00.000
1432,"Perfect, thank you!  :)",3,2019-01-30 00:00:00.000
1433,Thanks for the quick feedback!,3,2019-01-30 00:00:00.000
1434,It works 100.0%.,3,2019-01-30 00:00:00.000
1435,"Thank you, thank you, thank you, thank you.. I cannot thank you enough.",4,2019-01-30 00:00:00.000
1436,"I would have never figured this out without your help, so thanks.",3,2019-01-30 00:00:00.000
1437,Your answer is so wonderful.,3,2019-01-30 00:00:00.000
1438,I'm just evaluating the product and then I found it is just a CRAP.,1,2019-01-30 00:00:00.000
1439,Searching through all your KB articles but it seems this issue was still there 7 years ago.,1,2019-01-30 00:00:00.000
1440,CRAP.,0,2019-01-30 00:00:00.000
1441,"Worked like a charm, thanks!",4,2019-01-30 00:00:00.000
1442,"It costs me nearly 8 hours of trying and evaluating and you too have spend time with your sample and your explanations - only because someone forgot a simple ""throw new ArgumentException()"".",1,2019-01-30 00:00:00.000
1443,"Worked like a charm, thanks!",4,2019-01-30 00:00:00.000
1444,Thank you for all your help with this case.,3,2019-01-30 00:00:00.000
1445,"It is important to know that you always do their best to solve everything, thank you again.",3,2019-01-30 00:00:00.000
1446,"Thank you, it worked out perfect.",3,2019-01-30 00:00:00.000
1447,Disclaimer: fix is such a strong word and technically inappropriate when dealing with a miserable design issue.,1,2019-01-30 00:00:00.000
1448,"You guys designed it bad its not broken just bad design and implementation.  ",1,2019-01-30 00:00:00.000
1449,The whole custom filtering is a workaround to the core problem that you as a company refuse to address OVER A FOUR YEAR PERIOD.,1,2019-01-30 00:00:00.000
1450,I understand that we now have a miserable design that people have been using for a long time and changing the DEFAULT behavior could cause problems for all of your clients that have painstakingly worked around this issue with various means because you refuse to address it.,1,2019-01-30 00:00:00.000
1451,"I have been complaining about this for 4 years. ",1,2019-01-30 00:00:00.000
1452,"Sick of writing code to address common usage issues with your controls. ",0,2019-01-30 00:00:00.000
1453," It works like a dream.",3,2019-01-30 00:00:00.000
1454,Always surprising us more by improving the web dashboard.,3,2019-01-30 00:00:00.000
1455," This is a great component that is growing more.",3,2019-01-30 00:00:00.000
1456,I am also not happy that you give me components with errors,1,2019-01-30 00:00:00.000
1457,Great News!!!,3,2019-01-30 00:00:00.000
1458,"Thank you for all your help to find a solution in the web dashboard. ",3,2019-01-30 00:00:00.000
1459,"I do not know why I am thinking this, but it seems that I am getting less support with priority chat than I did when I had the other subscription and standard support.",1,2019-01-30 00:00:00.000
1460,I've been with you for 8 years and I've often seen intentional spoiling of components,1,2019-01-30 00:00:00.000
1461,Every day I am amazed by this product and the quality of this DevExpress team.,4,2019-01-30 00:00:00.000
1462," Make every penny worth signing and renewing.",4,2019-01-30 00:00:00.000
1463,My clients are disgusted with the increasing number of internal errors in the devexpress controls Please fix the ASAP problem and give me an installer with properly working components,0,2019-01-30 00:00:00.000
1464,Worked perfectly.,3,2019-01-30 00:00:00.000
1467,"very cool features. ",3,2019-01-30 00:00:00.000
1468,"looks nice, good support.",3,2019-01-30 00:00:00.000
1469,"Overall, Support has been amazing!",4,2019-01-30 00:00:00.000
1470,Difficult to find examples to do implementation.,1,2019-01-30 00:00:00.000
1471,One has to depend on the DevExpress Technical Team most of the time and it gets frustrating.,1,2019-01-30 00:00:00.000
1472,"Congratulations on the job, I really like your library.",3,2019-01-30 00:00:00.000
1473,Your customer support is simply the best.,3,2019-01-30 00:00:00.000
1474," All support people have been very helpful and respond back quickly.",3,2019-01-30 00:00:00.000
1475," This is extremely disappointing.",0,2019-01-30 00:00:00.000
1476,DevExpress VCL product is fantastic.,3,2019-01-30 00:00:00.000
1477,Good stuff and support!,3,2019-01-30 00:00:00.000
1478,Your support team is exceptional.,3,2019-01-30 00:00:00.000
1479,We are extremely happy with the Dev Express development tool.,3,2019-01-30 00:00:00.000
1480,DevExpress VCL is undoubtedly class of its own.,3,2019-01-30 00:00:00.000
1481,It seems like documentation is lagging behind your great improvements a bit more than usual.,1,2019-01-30 00:00:00.000
1482,We are so disappointed for the bad news.,0,2019-01-30 00:00:00.000
1483,"You shouldn't give us hope first and then kill it. ",1,2019-01-30 00:00:00.000
1484," DevExpress Support is second to none.",3,2019-01-30 00:00:00.000
1485,DevExpress support is fantastic :),4,2019-01-30 00:00:00.000
1486,"THANK YOU for your quick response to my question. ",3,2019-01-30 00:00:00.000
1487,"You did a good support job. ",3,2019-01-30 00:00:00.000
1488,That worked perfect.,3,2019-01-30 00:00:00.000
1489,what is the NOT CLEAR point man????,1,2019-01-30 00:00:00.000
1490,I think what I am saying is very clear!!,1,2019-01-30 00:00:00.000
147,This great grid control is the best I've ever seen!,4,2018-12-02 00:00:00.000
148,An investment that makes happy!,4,2018-12-02 00:00:00.000
149,I have worked with many support organizations and your support really stands out: it is outstanding.,4,2018-12-02 00:00:00.000
150,"I can say with honesty that I have never dealt with a company in DevExpress with better products in this technology space or, with respect to customer support, in any space.",4,2018-12-02 00:00:00.000
151,Your vb.zip sample project helped me tremendously.,3,2018-12-02 00:00:00.000
152,The support from the company is exceptionally good and so is the example materials they provide.,3,2018-12-02 00:00:00.000
153,The experience I had with DevExpress is `` top''!,4,2018-12-02 00:00:00.000
154,"Outstanding support, very friendly interfaces and above all a marvellous framework to develop with.",4,2018-12-02 00:00:00.000
155,"Also your support is first class, they are always professional, responsive and very helpful",4,2018-12-02 00:00:00.000
156,I'm very impressed with the ASP.NET Dashboard controls offered - thanks so much for building a powerful product that is easy to use,4,2018-12-02 00:00:00.000
157,I'm also very thankful for your support team for posting relevant replies that helped ease the learning curve pain as I struggled through a few (known) issues with some of the dashboard elements.,4,2018-12-02 00:00:00.000
158,The thing that amazes me the most is DevExpress support: all questions are understood and it's possible to feel that every answer is the result of a certain amount of effort.,4,2018-12-02 00:00:00.000
159,You guys are the best!,4,2018-12-02 00:00:00.000
160,"In my lengthy experience as a programmer, I have never before encountered such an efficient and friendly support team",3,2018-12-02 00:00:00.000
161,"In submitting tickets to your support team, the word `` Amazing'' is simply an understatement of your team's response time and effectiveness in providing the appropriate answers/help.",4,2018-12-02 00:00:00.000
162,"DevExpress is so great, I believe there are still no right words to describe it.",4,2018-12-02 00:00:00.000
163,Thank you for all your support and the well crafted example.,3,2018-12-02 00:00:00.000
164,"thanks so much, your answer was very helpful and solved the problem",3,2018-12-02 00:00:00.000
165,"Thanks for the help, for me its the support you guys offer that really separates you from the competition and once again that's proved true.",3,2018-12-02 00:00:00.000
166,It's a real pleasure to use your components and get in touch with you guys when needed.,3,2018-12-02 00:00:00.000
167,Continue your excellent work,3,2018-12-02 00:00:00.000
168,Devexpress team is providing the same word to all the user of this issue for last 1 year.,1,2018-12-02 00:00:00.000
169,I am bit disappointed.,1,2018-12-02 00:00:00.000
170,Quite honest - I am VERY disappointed.,0,2018-12-02 00:00:00.000
171,This is the first ever bad review that I ever has written to you - but I'm quite speachless with disappointment here.,0,2018-12-02 00:00:00.000
172,Support does n't help at all,1,2018-12-02 00:00:00.000
173,"Recently I'm noticing quality issues, inconsistencies with look and feel, and unfinished controls.",1,2018-12-02 00:00:00.000
174,Excellent quality & support,3,2018-12-02 00:00:00.000
175,Slow perfomance.,1,2018-12-02 00:00:00.000
176,This was a bit frustrating again.,1,2018-12-02 00:00:00.000
177,"Very hard to search for error, or solution.",1,2018-12-02 00:00:00.000
178,You get bunch of non practical staff.,1,2018-12-02 00:00:00.000
179,Searching support is bring you to the 100 of questions and 1000 of redirect to here and there and at the end no solution to the problem.,1,2018-12-02 00:00:00.000
180,Very disappointed with the purchase due to large number of issue and no solutions.,0,2018-12-02 00:00:00.000
181,i will recommend your product to my friends,3,2018-12-02 00:00:00.000
182,I feel it crazy and would not recommend to my friends who think much of DevOps.,1,2018-12-02 00:00:00.000
183,The support is really great!,3,2018-12-02 00:00:00.000
184,"TreeList is a bad component, we are thinking of getting rid of it and switching to other",1,2018-12-02 00:00:00.000
185,Help documents are really bad.,1,2018-12-02 00:00:00.000
186,Support is OK but condescending in attitude when replying to a question.,0,2018-12-02 00:00:00.000
187,"Even though it is almost 2019, DevExpress still does not seem to have grasped the meaning of SOLID development principles.",1,2018-12-02 00:00:00.000
188,It is extremely difficult (if not impossible) to use DevExpress components with an IoC Container - I realise one of your team has cobbled together something to work with lightweight containers but this is of limited (if any) use for professional developers.,1,2018-12-02 00:00:00.000
189,"Support is still lacking, and it takes several days, sometimes weeks, to get an answer to a question.",1,2018-12-02 00:00:00.000
190,You just do n't seem to realise (or care) that we are writing commercial software for paying customers and can not afford to wait that long for a response.,1,2018-12-02 00:00:00.000
191,"I seem to recall that you asked your customers how you could improve your support several years ago, but you have clearly ignored all the responses because all the same problems still exist.",1,2018-12-02 00:00:00.000
192,"Documentation is still a joke, even after all these years.",1,2018-12-02 00:00:00.000
193,Using Devexpress ASP.NET MVC grid was a total disaster.,0,2018-12-02 00:00:00.000
194,Performance was a nightmare.,0,2018-12-02 00:00:00.000
195,We like your controls and really appreciate your support team.,3,2018-12-02 00:00:00.000
196,"However, as you can see in the support forum, there are lots of missing customizing functionalities that we feel are necessary to build complex applications with your widgets.",1,2018-12-02 00:00:00.000
197,Your WPF/Win controls & support are out of this world.,3,2018-12-02 00:00:00.000
198,I am 150% amazed by their abilities and functionality.,3,2018-12-02 00:00:00.000
199,"Almost every response was the same - `` we ca n't reproduce that on our side''... so what, I can repo the error every time - I provided proof - source code - and video... yet never received any real help.",1,2018-12-02 00:00:00.000
200,"If asked that same question about ASP, my answer will be anything but DevExpress... sorry",1,2018-12-02 00:00:00.000
201,"Improve the support, talk to your customers instead of hiding behind emails/support tickets to better understand their issues.",1,2018-12-02 00:00:00.000
202,"Given the time lost to make things work, I do not consider DevExpress a good product.",1,2018-12-02 00:00:00.000
203,Product has a lot of bugs.,1,2018-12-02 00:00:00.000
204,Support is attentive but quick to pass off to `` old links'' which many time have little to do with the request for assitance,1,2018-12-02 00:00:00.000
205,Development/Enhancements for VCL is really poor.,1,2018-12-02 00:00:00.000
206,We are paying a lot whilst the VCL components remain the same and no real enhancement can be seen.,1,2018-12-02 00:00:00.000
207,Every upgrade also breaks existing functionality.,1,2018-12-02 00:00:00.000
208,"Documentation lags behind, it's hard to find working examples except by scouring support cases.",1,2018-12-02 00:00:00.000
209,"That said, my biggest frustration is with the VERY limited documentation.",1,2018-12-02 00:00:00.000
210,"Your support people seem fairly helpful, but trying to learn software by jumping from semi-related support ticket to ticket, is a poor way to learn.",1,2018-12-02 00:00:00.000
211,"DevExpress has some very useful tools, but the documentation is pretty poor (I could explain why), and help requests often take a few passes to get the right answer.",1,2018-12-02 00:00:00.000
212,I do n't like that most of the answers in the support center (and sometimes also in the KB) are as short as possible.,1,2018-12-02 00:00:00.000
213,your support sucks,0,2018-12-02 00:00:00.000
214,Not a happy customer here!,1,2018-12-02 00:00:00.000
215,Components - especially new components - are too buggy and introduce new bugs with every release.,1,2018-12-02 00:00:00.000
216,Your documentation sucks.,0,2018-12-02 00:00:00.000
217,You suck.,0,2018-12-02 00:00:00.000
218,I would n't recommend scheduler to anyone.,1,2018-12-02 00:00:00.000
